BEGIN TRANSACTION;
CREATE TABLE "account_emailaddress" ("id" integer NOT NULL PRIMARY KEY AUTOINCREMENT, "verified" bool NOT NULL, "primary" bool NOT NULL, "user_id" integer NOT NULL REFERENCES "auth_user" ("id") DEFERRABLE INITIALLY DEFERRED, "email" varchar(254) NOT NULL);
INSERT INTO "account_emailaddress" VALUES(2,0,1,7,'shivani456@gmail.com');
INSERT INTO "account_emailaddress" VALUES(3,0,1,8,'meghana123@gmail.com');
INSERT INTO "account_emailaddress" VALUES(4,0,1,10,'shivanishivani34508@gmail.com');
CREATE TABLE "account_emailconfirmation" ("id" integer NOT NULL PRIMARY KEY AUTOINCREMENT, "created" datetime NOT NULL, "sent" datetime NULL, "key" varchar(64) NOT NULL UNIQUE, "email_address_id" bigint NOT NULL REFERENCES "account_emailaddress" ("id") DEFERRABLE INITIALLY DEFERRED);
CREATE TABLE "auth_group" ("id" integer NOT NULL PRIMARY KEY AUTOINCREMENT, "name" varchar(150) NOT NULL UNIQUE);
CREATE TABLE "auth_group_permissions" ("id" integer NOT NULL PRIMARY KEY AUTOINCREMENT, "group_id" integer NOT NULL REFERENCES "auth_group" ("id") DEFERRABLE INITIALLY DEFERRED, "permission_id" integer NOT NULL REFERENCES "auth_permission" ("id") DEFERRABLE INITIALLY DEFERRED);
CREATE TABLE "auth_permission" ("id" integer NOT NULL PRIMARY KEY AUTOINCREMENT, "content_type_id" integer NOT NULL REFERENCES "django_content_type" ("id") DEFERRABLE INITIALLY DEFERRED, "codename" varchar(100) NOT NULL, "name" varchar(255) NOT NULL);
INSERT INTO "auth_permission" VALUES(1,1,'add_logentry','Can add log entry');
INSERT INTO "auth_permission" VALUES(2,1,'change_logentry','Can change log entry');
INSERT INTO "auth_permission" VALUES(3,1,'delete_logentry','Can delete log entry');
INSERT INTO "auth_permission" VALUES(4,1,'view_logentry','Can view log entry');
INSERT INTO "auth_permission" VALUES(5,2,'add_permission','Can add permission');
INSERT INTO "auth_permission" VALUES(6,2,'change_permission','Can change permission');
INSERT INTO "auth_permission" VALUES(7,2,'delete_permission','Can delete permission');
INSERT INTO "auth_permission" VALUES(8,2,'view_permission','Can view permission');
INSERT INTO "auth_permission" VALUES(9,3,'add_group','Can add group');
INSERT INTO "auth_permission" VALUES(10,3,'change_group','Can change group');
INSERT INTO "auth_permission" VALUES(11,3,'delete_group','Can delete group');
INSERT INTO "auth_permission" VALUES(12,3,'view_group','Can view group');
INSERT INTO "auth_permission" VALUES(13,4,'add_user','Can add user');
INSERT INTO "auth_permission" VALUES(14,4,'change_user','Can change user');
INSERT INTO "auth_permission" VALUES(15,4,'delete_user','Can delete user');
INSERT INTO "auth_permission" VALUES(16,4,'view_user','Can view user');
INSERT INTO "auth_permission" VALUES(17,5,'add_contenttype','Can add content type');
INSERT INTO "auth_permission" VALUES(18,5,'change_contenttype','Can change content type');
INSERT INTO "auth_permission" VALUES(19,5,'delete_contenttype','Can delete content type');
INSERT INTO "auth_permission" VALUES(20,5,'view_contenttype','Can view content type');
INSERT INTO "auth_permission" VALUES(21,6,'add_session','Can add session');
INSERT INTO "auth_permission" VALUES(22,6,'change_session','Can change session');
INSERT INTO "auth_permission" VALUES(23,6,'delete_session','Can delete session');
INSERT INTO "auth_permission" VALUES(24,6,'view_session','Can view session');
INSERT INTO "auth_permission" VALUES(25,7,'add_site','Can add site');
INSERT INTO "auth_permission" VALUES(26,7,'change_site','Can change site');
INSERT INTO "auth_permission" VALUES(27,7,'delete_site','Can delete site');
INSERT INTO "auth_permission" VALUES(28,7,'view_site','Can view site');
INSERT INTO "auth_permission" VALUES(29,8,'add_emailaddress','Can add email address');
INSERT INTO "auth_permission" VALUES(30,8,'change_emailaddress','Can change email address');
INSERT INTO "auth_permission" VALUES(31,8,'delete_emailaddress','Can delete email address');
INSERT INTO "auth_permission" VALUES(32,8,'view_emailaddress','Can view email address');
INSERT INTO "auth_permission" VALUES(33,9,'add_emailconfirmation','Can add email confirmation');
INSERT INTO "auth_permission" VALUES(34,9,'change_emailconfirmation','Can change email confirmation');
INSERT INTO "auth_permission" VALUES(35,9,'delete_emailconfirmation','Can delete email confirmation');
INSERT INTO "auth_permission" VALUES(36,9,'view_emailconfirmation','Can view email confirmation');
INSERT INTO "auth_permission" VALUES(37,10,'add_socialaccount','Can add social account');
INSERT INTO "auth_permission" VALUES(38,10,'change_socialaccount','Can change social account');
INSERT INTO "auth_permission" VALUES(39,10,'delete_socialaccount','Can delete social account');
INSERT INTO "auth_permission" VALUES(40,10,'view_socialaccount','Can view social account');
INSERT INTO "auth_permission" VALUES(41,11,'add_socialapp','Can add social application');
INSERT INTO "auth_permission" VALUES(42,11,'change_socialapp','Can change social application');
INSERT INTO "auth_permission" VALUES(43,11,'delete_socialapp','Can delete social application');
INSERT INTO "auth_permission" VALUES(44,11,'view_socialapp','Can view social application');
INSERT INTO "auth_permission" VALUES(45,12,'add_socialtoken','Can add social application token');
INSERT INTO "auth_permission" VALUES(46,12,'change_socialtoken','Can change social application token');
INSERT INTO "auth_permission" VALUES(47,12,'delete_socialtoken','Can delete social application token');
INSERT INTO "auth_permission" VALUES(48,12,'view_socialtoken','Can view social application token');
INSERT INTO "auth_permission" VALUES(49,13,'add_address','Can add address');
INSERT INTO "auth_permission" VALUES(50,13,'change_address','Can change address');
INSERT INTO "auth_permission" VALUES(51,13,'delete_address','Can delete address');
INSERT INTO "auth_permission" VALUES(52,13,'view_address','Can view address');
INSERT INTO "auth_permission" VALUES(53,14,'add_coupon','Can add coupon');
INSERT INTO "auth_permission" VALUES(54,14,'change_coupon','Can change coupon');
INSERT INTO "auth_permission" VALUES(55,14,'delete_coupon','Can delete coupon');
INSERT INTO "auth_permission" VALUES(56,14,'view_coupon','Can view coupon');
INSERT INTO "auth_permission" VALUES(57,15,'add_item','Can add item');
INSERT INTO "auth_permission" VALUES(58,15,'change_item','Can change item');
INSERT INTO "auth_permission" VALUES(59,15,'delete_item','Can delete item');
INSERT INTO "auth_permission" VALUES(60,15,'view_item','Can view item');
INSERT INTO "auth_permission" VALUES(61,16,'add_order','Can add order');
INSERT INTO "auth_permission" VALUES(62,16,'change_order','Can change order');
INSERT INTO "auth_permission" VALUES(63,16,'delete_order','Can delete order');
INSERT INTO "auth_permission" VALUES(64,16,'view_order','Can view order');
INSERT INTO "auth_permission" VALUES(65,17,'add_refund','Can add refund');
INSERT INTO "auth_permission" VALUES(66,17,'change_refund','Can change refund');
INSERT INTO "auth_permission" VALUES(67,17,'delete_refund','Can delete refund');
INSERT INTO "auth_permission" VALUES(68,17,'view_refund','Can view refund');
INSERT INTO "auth_permission" VALUES(69,18,'add_payment','Can add payment');
INSERT INTO "auth_permission" VALUES(70,18,'change_payment','Can change payment');
INSERT INTO "auth_permission" VALUES(71,18,'delete_payment','Can delete payment');
INSERT INTO "auth_permission" VALUES(72,18,'view_payment','Can view payment');
INSERT INTO "auth_permission" VALUES(73,19,'add_orderitem','Can add order item');
INSERT INTO "auth_permission" VALUES(74,19,'change_orderitem','Can change order item');
INSERT INTO "auth_permission" VALUES(75,19,'delete_orderitem','Can delete order item');
INSERT INTO "auth_permission" VALUES(76,19,'view_orderitem','Can view order item');
INSERT INTO "auth_permission" VALUES(77,20,'add_userprofile','Can add user profile');
INSERT INTO "auth_permission" VALUES(78,20,'change_userprofile','Can change user profile');
INSERT INTO "auth_permission" VALUES(79,20,'delete_userprofile','Can delete user profile');
INSERT INTO "auth_permission" VALUES(80,20,'view_userprofile','Can view user profile');
INSERT INTO "auth_permission" VALUES(81,21,'add_category','Can add category');
INSERT INTO "auth_permission" VALUES(82,21,'change_category','Can change category');
INSERT INTO "auth_permission" VALUES(83,21,'delete_category','Can delete category');
INSERT INTO "auth_permission" VALUES(84,21,'view_category','Can view category');
INSERT INTO "auth_permission" VALUES(85,22,'add_addressbook','Can add address book');
INSERT INTO "auth_permission" VALUES(86,22,'change_addressbook','Can change address book');
INSERT INTO "auth_permission" VALUES(87,22,'delete_addressbook','Can delete address book');
INSERT INTO "auth_permission" VALUES(88,22,'view_addressbook','Can view address book');
INSERT INTO "auth_permission" VALUES(89,23,'add_wishlist','Can add wishlist');
INSERT INTO "auth_permission" VALUES(90,23,'change_wishlist','Can change wishlist');
INSERT INTO "auth_permission" VALUES(91,23,'delete_wishlist','Can delete wishlist');
INSERT INTO "auth_permission" VALUES(92,23,'view_wishlist','Can view wishlist');
CREATE TABLE "auth_user" ("id" integer NOT NULL PRIMARY KEY AUTOINCREMENT, "password" varchar(128) NOT NULL, "last_login" datetime NULL, "is_superuser" bool NOT NULL, "username" varchar(150) NOT NULL UNIQUE, "last_name" varchar(150) NOT NULL, "email" varchar(254) NOT NULL, "is_staff" bool NOT NULL, "is_active" bool NOT NULL, "date_joined" datetime NOT NULL, "first_name" varchar(150) NOT NULL);
INSERT INTO "auth_user" VALUES(1,'pbkdf2_sha256$150000$CuVlo6jZLDqu$NapI2LGx8hYoFq7PsmryzadoZJTprsjFy5ec89LkQWo=','2020-07-07 14:23:52.580598',1,'admin','','',1,1,'2019-06-16 20:54:22.727554','');
INSERT INTO "auth_user" VALUES(3,'pbkdf2_sha256$150000$uJvxvVtAHiQD$cRP03f5f2FC+LdMEZ7YCJ2G6IObXPkL88BFsPO6jv6s=','2019-06-30 14:10:40.454170',0,'matttt','','matt@gmail.com',0,1,'2019-06-30 14:09:17.611074','');
INSERT INTO "auth_user" VALUES(4,'pbkdf2_sha256$260000$ez4zYVv98P4JEAX7Koag8q$z0vyximQ8tEhbKjAVTrxzI04vcuHbQIhObPf7Rv9WIw=','2026-02-21 13:32:29.129161',1,'shree','','shree123@gmail.com',1,1,'2026-02-21 13:31:42.427837','');
INSERT INTO "auth_user" VALUES(5,'pbkdf2_sha256$260000$ryky2rkyKaU3fcvBSZl9UR$elyxgHJ7Lus45o+3fl7yL6MO9RgPW2+0vhKdJy0EnaQ=','2026-02-24 07:03:30.067643',1,'shree1','','shree123@gmail.com',1,1,'2026-02-23 10:56:59.151907','');
INSERT INTO "auth_user" VALUES(6,'pbkdf2_sha256$260000$RANTREw0leVZ5nZM5T3fCh$k90NrVjbP8nFNDpRyW1iB58NCHgCQ1JnV4hKr5J+KRg=',NULL,0,'shivani','R','shivani123@gmail.com',0,1,'2026-02-23 11:03:38','shivani');
INSERT INTO "auth_user" VALUES(7,'pbkdf2_sha256$260000$RaSsLZTyMfOZNM0ZYDNAsh$huZYeL0vrqUY4WERFnq6kIlBr8lgshQo00brtoCesCs=',NULL,0,'shivani1','','shivani456@gmail.com',0,1,'2026-02-24 07:54:53.575161','');
INSERT INTO "auth_user" VALUES(8,'pbkdf2_sha256$260000$P7TGb6a45reIuznmzIIdW3$wXui6tJ7fei9h8jW1qCQB+SOObIlBxRTgRvR6ONFtKI=','2026-02-24 08:01:27.243559',0,'meghana','','meghana123@gmail.com',0,1,'2026-02-24 08:01:26.778177','');
INSERT INTO "auth_user" VALUES(9,'pbkdf2_sha256$1000000$Z1yHiQG5lxAtjrxewVgopL$0ZkeY0mge1qpaZHXeSaImW4kECPy+StJ4Cr/G/OGxKg=','2026-03-03 05:20:52.069844',1,'shivanir','R','shivani123@gmail.com',1,1,'2026-02-24 13:35:59.406422','Shivani.');
INSERT INTO "auth_user" VALUES(10,'pbkdf2_sha256$1000000$UuubHbRN1I2y3ohYbdwfxF$gl0Tz5V7pSLlSsWi8A0tH60ydBFCf+kqO/0oBZYRdD4=','2026-03-02 16:08:59.370245',0,'admin1','','shivanishivani34508@gmail.com',0,1,'2026-03-02 16:08:56.783883','');
CREATE TABLE "auth_user_groups" ("id" integer NOT NULL PRIMARY KEY AUTOINCREMENT, "user_id" integer NOT NULL REFERENCES "auth_user" ("id") DEFERRABLE INITIALLY DEFERRED, "group_id" integer NOT NULL REFERENCES "auth_group" ("id") DEFERRABLE INITIALLY DEFERRED);
CREATE TABLE "auth_user_user_permissions" ("id" integer NOT NULL PRIMARY KEY AUTOINCREMENT, "user_id" integer NOT NULL REFERENCES "auth_user" ("id") DEFERRABLE INITIALLY DEFERRED, "permission_id" integer NOT NULL REFERENCES "auth_permission" ("id") DEFERRABLE INITIALLY DEFERRED);
CREATE TABLE "core_address" ("id" integer NOT NULL PRIMARY KEY AUTOINCREMENT, "street_address" varchar(100) NOT NULL, "apartment_address" varchar(100) NOT NULL, "country" varchar(2) NOT NULL, "zip" varchar(100) NOT NULL, "address_type" varchar(1) NOT NULL, "default" bool NOT NULL, "user_id" integer NOT NULL REFERENCES "auth_user" ("id") DEFERRABLE INITIALLY DEFERRED, "latitude" decimal NULL, "longitude" decimal NULL);
INSERT INTO "core_address" VALUES(11,'nlm','','IN','562123','S',1,4,NULL,NULL);
INSERT INTO "core_address" VALUES(12,'nlm','','IN','562123','B',1,4,NULL,NULL);
INSERT INTO "core_address" VALUES(13,'nlm','','IN','562123','B',1,4,NULL,NULL);
INSERT INTO "core_address" VALUES(14,'nlm','','IN','562123','S',1,5,NULL,NULL);
INSERT INTO "core_address" VALUES(15,'nlm','','IN','562123','B',1,5,NULL,NULL);
INSERT INTO "core_address" VALUES(16,'nlm','','IN','562123','S',0,5,NULL,NULL);
INSERT INTO "core_address" VALUES(17,'nlm','','IN','562123','B',0,5,NULL,NULL);
INSERT INTO "core_address" VALUES(18,'nelamangala','','IN','562123','S',0,8,NULL,NULL);
INSERT INTO "core_address" VALUES(19,'nelamangala','nelamangala','IN','562123','S',1,8,NULL,NULL);
INSERT INTO "core_address" VALUES(20,'nelamangala','nelamangala','IN','562123','B',1,8,NULL,NULL);
INSERT INTO "core_address" VALUES(21,'nlm','','IN','562123','S',1,9,NULL,NULL);
INSERT INTO "core_address" VALUES(22,'nlm','','IN','562123','B',1,9,NULL,NULL);
INSERT INTO "core_address" VALUES(23,'nlm','','IN','562123','B',1,9,NULL,NULL);
INSERT INTO "core_address" VALUES(24,'nlm','','IN','562123','B',1,9,NULL,NULL);
INSERT INTO "core_address" VALUES(25,'nlm','','IN','562123','B',1,9,NULL,NULL);
INSERT INTO "core_address" VALUES(26,'nlm','','IN','562123','B',1,9,NULL,NULL);
INSERT INTO "core_address" VALUES(27,'nlm','','IN','562123','B',1,9,NULL,NULL);
INSERT INTO "core_address" VALUES(28,'nlm','','IN','562123','B',1,9,NULL,NULL);
INSERT INTO "core_address" VALUES(29,'nlm','','IN','562123','B',1,9,NULL,NULL);
INSERT INTO "core_address" VALUES(30,'nlm','','IN','562123','B',1,9,NULL,NULL);
INSERT INTO "core_address" VALUES(31,'nlm','','IN','562123','B',1,9,NULL,NULL);
INSERT INTO "core_address" VALUES(32,'nlm','','IN','562123','B',1,9,NULL,NULL);
INSERT INTO "core_address" VALUES(33,'nlm','','IN','562123','B',1,9,NULL,NULL);
INSERT INTO "core_address" VALUES(34,'nlm','','IN','562123','B',1,9,NULL,NULL);
INSERT INTO "core_address" VALUES(35,'nlm','','IN','562123','B',1,9,NULL,NULL);
INSERT INTO "core_address" VALUES(36,'nlm','','IN','562123','B',1,9,NULL,NULL);
INSERT INTO "core_address" VALUES(37,'nlm','','IN','562123','B',1,9,NULL,NULL);
INSERT INTO "core_address" VALUES(38,'nlm','','IN','562123','B',1,9,NULL,NULL);
INSERT INTO "core_address" VALUES(39,'nlm','','IN','562123','B',1,9,NULL,NULL);
INSERT INTO "core_address" VALUES(40,'nlm','','IN','562123','B',1,9,NULL,NULL);
INSERT INTO "core_address" VALUES(41,'nlm','','IN','562123','B',1,9,NULL,NULL);
INSERT INTO "core_address" VALUES(42,'nlm','','IN','562123','B',1,9,NULL,NULL);
INSERT INTO "core_address" VALUES(43,'nlm','','IN','562123','B',1,9,NULL,NULL);
INSERT INTO "core_address" VALUES(44,'nlm','','IN','562123','B',1,9,NULL,NULL);
INSERT INTO "core_address" VALUES(45,'nlm','','IN','562123','B',1,9,NULL,NULL);
INSERT INTO "core_address" VALUES(46,'nlm','','IN','562123','B',1,9,NULL,NULL);
INSERT INTO "core_address" VALUES(47,'nlm','','IN','562123','B',1,9,NULL,NULL);
INSERT INTO "core_address" VALUES(48,'nlm','','IN','562123','B',1,9,NULL,NULL);
INSERT INTO "core_address" VALUES(49,'nlm','','IN','562123','B',1,9,NULL,NULL);
INSERT INTO "core_address" VALUES(50,'nlm','','IN','562123','B',1,9,NULL,NULL);
CREATE TABLE "core_addressbook" ("id" integer NOT NULL PRIMARY KEY AUTOINCREMENT, "full_name" varchar(100) NOT NULL, "phone_number" varchar(20) NOT NULL, "house_no" varchar(100) NOT NULL, "street_area" varchar(200) NOT NULL, "city" varchar(100) NOT NULL, "state" varchar(100) NOT NULL, "pin_code" varchar(20) NOT NULL, "country" varchar(2) NOT NULL, "is_default" bool NOT NULL, "user_id" integer NOT NULL REFERENCES "auth_user" ("id") DEFERRABLE INITIALLY DEFERRED);
INSERT INTO "core_addressbook" VALUES(1,'Shivani. R','987654321','1','nlm','nlm','kar','562123','IN',0,9);
CREATE TABLE "core_category" ("id" integer NOT NULL PRIMARY KEY AUTOINCREMENT, "name" varchar(50) NOT NULL);
CREATE TABLE "core_coupon" ("id" integer NOT NULL PRIMARY KEY AUTOINCREMENT, "code" varchar(15) NOT NULL, "amount" real NOT NULL);
CREATE TABLE "core_item" ("id" integer NOT NULL PRIMARY KEY AUTOINCREMENT, "title" varchar(100) NOT NULL, "price" real NOT NULL, "discount_price" real NULL, "category" varchar(2) NOT NULL, "label" varchar(1) NOT NULL, "description" text NOT NULL, "image" varchar(100) NOT NULL, "slug" varchar(50) NOT NULL UNIQUE);
INSERT INTO "core_item" VALUES(2,'shirt',1500.0,1200.0,'M','P','shirt','WhatsApp_Image_2026-02-23_at_9.35.47_AM.jpeg','ss');
INSERT INTO "core_item" VALUES(3,'Jeans',899.0,799.0,'M','P','cargo','WhatsApp_Image_2026-02-23_at_9.36.04_AM.jpeg','MM');
INSERT INTO "core_item" VALUES(4,'Western Top',500.0,450.0,'W','P','Western Tops','WhatsApp_Image_2026-02-23_at_9.34.58_AM_1.jpeg','MM-2');
INSERT INTO "core_item" VALUES(5,'western Top',600.0,500.0,'W','P','Black western top','WhatsApp_Image_2026-02-23_at_9.34.58_AM.jpeg','ss-2');
INSERT INTO "core_item" VALUES(6,'Saree',1500.0,1000.0,'W','P','Traditional','WhatsApp_Image_2026-02-23_at_9.36.17_AM.jpeg','x');
INSERT INTO "core_item" VALUES(7,'All dupatta sets',2000.0,1500.0,'W','P','Traditional wear','WhatsApp_Image_2026-02-23_at_9.35.47_AM_6LH6tpx.jpeg','XL');
INSERT INTO "core_item" VALUES(8,'Anarkali',850.0,650.0,'W','P','Traditional','WhatsApp_Image_2026-02-23_at_9.34.20_AM.jpeg','sss');
INSERT INTO "core_item" VALUES(9,'Kids boy',200.0,180.0,'K','P','Kids Cotton Clothing set for summer','kids.avif','s');
INSERT INTO "core_item" VALUES(10,'kids',554.0,256.0,'K','P','kids clothing set','kids1.avif','M');
INSERT INTO "core_item" VALUES(11,'shirt',500.0,399.0,'M','P','Men’s Printed Co-Ord Set | Plus Size Casual Shirt & Shorts Set | Nightwear Pajama Suit, Loungewear, Beachwear & Vacation Outfit','shirt2.avif','ss-3');
INSERT INTO "core_item" VALUES(12,'T-shirt',250.0,192.0,'M','P','Men Polo Neck Full Sleeve Cotton Blend Regular Tshirt','t-shirt.webp','ss-4');
INSERT INTO "core_item" VALUES(13,'Kurthi',1000.0,850.0,'W','P','ANNI Designer Women''s Rayon Viscose A-Line Printed Kurta with Pant','kurthi1.webp','sh');
INSERT INTO "core_item" VALUES(14,'kurthi',1299.0,1850.0,'W','P','Women''s Cotton Floral Printed Straight Kurti with Pant Set','kurthi2.jpg','kr');
INSERT INTO "core_item" VALUES(15,'kurthi',1000.0,780.0,'W','P','Bee M Pee Designer Rayon Paisley Regular Short Kurti for Women Tunics Latest','kurthi3.jpg','sm');
INSERT INTO "core_item" VALUES(16,'western',800.0,100.0,'W','P','KZULLY | Dress for Women | Midi Length | Flared Hem | Puff Sleeve | Square Neck | Smocked Bodice','western.webp','sa');
INSERT INTO "core_item" VALUES(17,'western',1000.0,950.0,'W','P','FableStreet Bodycon Knitted Dress','western1.webp','as');
INSERT INTO "core_item" VALUES(18,'western top',1000.0,800.0,'W','P','Gufrina Women''s Floral Button Down Shirt – Cream Western Blouse with Short Puff Sleeves & Relaxed Fit – Lightweight Casual & Office Wear Top','western_tops.webp','sr');
INSERT INTO "core_item" VALUES(19,'shirt',2.0,1.0,'M','P','shirt for men','sh1.jpg','aaa');
INSERT INTO "core_item" VALUES(20,'Shirt',1000.0,550.0,'M','P','CB-COLEBROOK Men''s Regular Fit Solid Soft Touch Cotton Casual Shirt with Pocket Design with Spread Collar & Full Sleeves','shirt2.jpg','ab');
INSERT INTO "core_item" VALUES(21,'Shirt',800.0,499.0,'M','P','Men Classic Slim Fit Pure Cotton Casual Shirt','shirt1.jpg','ac');
INSERT INTO "core_item" VALUES(22,'Trouser',999.0,750.0,'M','P','Men''s Wide Leg Flared Track Pants | Korean Style Loose Fit Baggy Trousers | Multicolor Lycra Relaxed Fit Joggers Casual | Streetwear Bootcut Loungewear','pant.jpg','bs');
INSERT INTO "core_item" VALUES(23,'Pant',1200.0,850.0,'M','P','Mens Regular Fit| Classic Design with Stylish Look |Day Comfort| Mide Rise Strachable Jeans','pant1.jpg','es');
INSERT INTO "core_item" VALUES(24,'T-shirt',1000.0,800.0,'M','P','T-Shirt for Men Zip Neck Texture Self Design Cotton Blend Mens T shirts','t-shirt3.jpg','bf');
INSERT INTO "core_item" VALUES(25,'Pant',850.0,500.0,'M','P','Men’s Loose Fit Wide Leg Jeans | Grey Washed Denim Pants for Men | Comfortable Mid-Rise Relaxed Fit Casual Jeans | Trendy Streetwear','Pant3.jpg','ps');
INSERT INTO "core_item" VALUES(26,'T-shirt',799.0,500.0,'M','P','LEOTUDE Men''s Half Sleeve Round Neck Cottonblend Graphic Print Oversized Tshirt for Man','t-shirt4.jpg','pr');
INSERT INTO "core_item" VALUES(27,'Hoodie',1000.0,899.0,'M','P','Men Cotton Hooded Sweatshirt','hoodie.jpg','gf');
INSERT INTO "core_item" VALUES(28,'Hoodie',1500.0,1000.0,'M','P','Puma Cotton Men Ess Big Logo Hooded Neck Hoodie','hoodie1.jpg','fg');
CREATE TABLE "core_order" ("id" integer NOT NULL PRIMARY KEY AUTOINCREMENT, "ref_code" varchar(20) NULL, "start_date" datetime NOT NULL, "ordered_date" datetime NOT NULL, "ordered" bool NOT NULL, "being_delivered" bool NOT NULL, "received" bool NOT NULL, "refund_requested" bool NOT NULL, "refund_granted" bool NOT NULL, "billing_address_id" bigint NULL REFERENCES "core_address" ("id") DEFERRABLE INITIALLY DEFERRED, "coupon_id" bigint NULL REFERENCES "core_coupon" ("id") DEFERRABLE INITIALLY DEFERRED, "payment_id" bigint NULL REFERENCES "core_payment" ("id") DEFERRABLE INITIALLY DEFERRED, "shipping_address_id" bigint NULL REFERENCES "core_address" ("id") DEFERRABLE INITIALLY DEFERRED, "user_id" integer NOT NULL REFERENCES "auth_user" ("id") DEFERRABLE INITIALLY DEFERRED, "availability_date" date NULL, "availability_time" time NULL, "status" varchar(20) NOT NULL);
INSERT INTO "core_order" VALUES(10,NULL,'2020-07-07 14:49:17.894748','2020-07-07 14:49:17.894317',0,0,0,0,0,NULL,NULL,NULL,NULL,1,NULL,NULL,'PENDING');
INSERT INTO "core_order" VALUES(11,NULL,'2026-02-21 13:32:29.304333','2026-02-21 13:32:29.299095',0,0,0,0,0,13,NULL,NULL,11,4,NULL,NULL,'PENDING');
INSERT INTO "core_order" VALUES(12,NULL,'2026-02-23 10:57:27.876995','2026-02-23 10:57:27.876995',0,0,0,0,0,17,NULL,NULL,16,5,NULL,NULL,'PENDING');
INSERT INTO "core_order" VALUES(13,NULL,'2026-02-24 08:01:54.006337','2026-02-24 08:01:54.006337',0,0,0,0,0,20,NULL,NULL,19,8,NULL,NULL,'PENDING');
INSERT INTO "core_order" VALUES(14,'8bvgw4zpate2lwj29yid','2026-02-24 14:59:02.826369','2026-02-24 14:59:02.825441',1,0,0,0,1,22,NULL,9,21,9,'2026-03-06','17:01:00','CANCELLED');
INSERT INTO "core_order" VALUES(15,NULL,'2026-02-26 13:15:11.506916','2026-02-26 13:15:11.505256',0,0,0,0,0,50,NULL,NULL,21,9,'2026-03-04','13:07:00','PENDING');
CREATE TABLE "core_order_items" ("id" integer NOT NULL PRIMARY KEY AUTOINCREMENT, "order_id" integer NOT NULL REFERENCES "core_order" ("id") DEFERRABLE INITIALLY DEFERRED, "orderitem_id" integer NOT NULL REFERENCES "core_orderitem" ("id") DEFERRABLE INITIALLY DEFERRED);
INSERT INTO "core_order_items" VALUES(20,12,17);
INSERT INTO "core_order_items" VALUES(21,13,18);
INSERT INTO "core_order_items" VALUES(28,14,25);
INSERT INTO "core_order_items" VALUES(29,15,26);
INSERT INTO "core_order_items" VALUES(30,15,27);
CREATE TABLE "core_orderitem" ("id" integer NOT NULL PRIMARY KEY AUTOINCREMENT, "ordered" bool NOT NULL, "quantity" integer NOT NULL, "item_id" bigint NOT NULL REFERENCES "core_item" ("id") DEFERRABLE INITIALLY DEFERRED, "user_id" integer NOT NULL REFERENCES "auth_user" ("id") DEFERRABLE INITIALLY DEFERRED);
INSERT INTO "core_orderitem" VALUES(17,0,1,10,5);
INSERT INTO "core_orderitem" VALUES(18,0,1,3,8);
INSERT INTO "core_orderitem" VALUES(25,1,1,19,9);
INSERT INTO "core_orderitem" VALUES(26,0,1,19,9);
INSERT INTO "core_orderitem" VALUES(27,0,1,27,9);
CREATE TABLE "core_payment" ("id" integer NOT NULL PRIMARY KEY AUTOINCREMENT, "amount" real NOT NULL, "timestamp" datetime NOT NULL, "user_id" integer NULL REFERENCES "auth_user" ("id") DEFERRABLE INITIALLY DEFERRED, "stripe_charge_id" varchar(50) NULL, "razorpay_payment_id" varchar(100) NULL, "razorpay_order_id" varchar(100) NULL, "razorpay_signature" varchar(200) NULL);
INSERT INTO "core_payment" VALUES(1,20.0,'2019-06-30 09:51:51.338784',1,'ch_1EqzhKAOiJzDcnKnPP8FemeK',NULL,NULL,NULL);
INSERT INTO "core_payment" VALUES(2,20.0,'2019-06-30 13:33:16.729089',1,'ch_1Er39cAOiJzDcnKnM7BT7EXG',NULL,NULL,NULL);
INSERT INTO "core_payment" VALUES(3,20.0,'2019-06-30 14:18:16.571515',3,'ch_1Er3r9AOiJzDcnKn61iVZfnC',NULL,NULL,NULL);
INSERT INTO "core_payment" VALUES(4,20.0,'2019-06-30 14:22:07.278405',3,'ch_1Er3usAOiJzDcnKnCvtlpIwD',NULL,NULL,NULL);
INSERT INTO "core_payment" VALUES(5,20.0,'2019-06-30 20:08:23.360973',3,'ch_1Er9JyAOiJzDcnKntxENpYFa',NULL,NULL,NULL);
INSERT INTO "core_payment" VALUES(6,20.0,'2019-06-30 20:14:01.181309',3,'ch_1Er9PQAOiJzDcnKnCaAWXzK7',NULL,NULL,NULL);
INSERT INTO "core_payment" VALUES(7,20.0,'2019-06-30 20:14:47.590560',3,'ch_1Er9QAAOiJzDcnKn2hhCuIG5',NULL,NULL,NULL);
INSERT INTO "core_payment" VALUES(8,20.0,'2019-06-30 20:15:16.234978',3,'ch_1Er9QdAOiJzDcnKn0FkrMYK0',NULL,NULL,NULL);
INSERT INTO "core_payment" VALUES(9,1.0,'2026-02-26 08:35:08.399657',9,NULL,'pay_SKi3vkw9EXsL8c','order_SKi2c0IVTrOKCA','');
CREATE TABLE "core_refund" ("id" integer NOT NULL PRIMARY KEY AUTOINCREMENT, "reason" text NOT NULL, "accepted" bool NOT NULL, "email" varchar(254) NOT NULL, "order_id" bigint NOT NULL REFERENCES "core_order" ("id") DEFERRABLE INITIALLY DEFERRED);
CREATE TABLE "core_userprofile" ("id" integer NOT NULL PRIMARY KEY AUTOINCREMENT, "stripe_customer_id" varchar(50) NULL, "one_click_purchasing" bool NOT NULL, "user_id" integer NOT NULL UNIQUE REFERENCES "auth_user" ("id") DEFERRABLE INITIALLY DEFERRED, "phone_number" varchar(20) NULL, "date_of_birth" date NULL, "profile_picture" varchar(100) NULL);
INSERT INTO "core_userprofile" VALUES(1,'cus_HZFGCOdmSW1t6D',1,1,NULL,NULL,NULL);
INSERT INTO "core_userprofile" VALUES(2,'cus_FLr8YaQN3uCgUb',1,3,NULL,NULL,NULL);
INSERT INTO "core_userprofile" VALUES(3,NULL,0,4,NULL,NULL,NULL);
INSERT INTO "core_userprofile" VALUES(4,NULL,0,5,NULL,NULL,NULL);
INSERT INTO "core_userprofile" VALUES(5,NULL,0,6,NULL,NULL,NULL);
INSERT INTO "core_userprofile" VALUES(6,NULL,0,7,NULL,NULL,NULL);
INSERT INTO "core_userprofile" VALUES(7,NULL,0,8,NULL,NULL,NULL);
INSERT INTO "core_userprofile" VALUES(8,NULL,0,9,'987654321','2026-02-27','profiles/Screenshot_2026-02-25_235704.png');
INSERT INTO "core_userprofile" VALUES(9,NULL,0,10,NULL,NULL,'');
CREATE TABLE "core_wishlist" ("id" integer NOT NULL PRIMARY KEY AUTOINCREMENT, "created_at" datetime NOT NULL, "item_id" bigint NOT NULL REFERENCES "core_item" ("id") DEFERRABLE INITIALLY DEFERRED, "user_id" integer NOT NULL REFERENCES "auth_user" ("id") DEFERRABLE INITIALLY DEFERRED);
INSERT INTO "core_wishlist" VALUES(7,'2026-03-02 15:08:33.529744',28,9);
INSERT INTO "core_wishlist" VALUES(9,'2026-03-03 05:20:52.126106',24,9);
CREATE TABLE "django_admin_log" ("id" integer NOT NULL PRIMARY KEY AUTOINCREMENT, "action_time" datetime NOT NULL, "object_id" text NULL, "object_repr" varchar(200) NOT NULL, "change_message" text NOT NULL, "content_type_id" integer NULL REFERENCES "django_content_type" ("id") DEFERRABLE INITIALLY DEFERRED, "user_id" integer NOT NULL REFERENCES "auth_user" ("id") DEFERRABLE INITIALLY DEFERRED, "action_flag" smallint unsigned NOT NULL CHECK ("action_flag" >= 0));
INSERT INTO "django_admin_log" VALUES(1,'2019-06-16 21:03:15.396450','1','A shirt','[{"added": {}}]',15,1,1);
INSERT INTO "django_admin_log" VALUES(2,'2019-06-16 21:45:07.066436','1','admin','[{"changed": {"fields": ["shipping_address", "billing_address"]}}]',16,1,2);
INSERT INTO "django_admin_log" VALUES(3,'2019-06-16 21:45:41.725612','2','admin','',13,1,3);
INSERT INTO "django_admin_log" VALUES(4,'2019-06-16 21:45:41.732526','1','admin','',13,1,3);
INSERT INTO "django_admin_log" VALUES(5,'2019-06-16 21:50:53.443660','4','admin','[{"changed": {"fields": ["default"]}}]',13,1,2);
INSERT INTO "django_admin_log" VALUES(6,'2019-06-16 21:50:56.370861','3','admin','[{"changed": {"fields": ["default"]}}]',13,1,2);
INSERT INTO "django_admin_log" VALUES(7,'2019-06-30 09:51:46.331152','1','admin','[{"added": {}}]',20,1,1);
INSERT INTO "django_admin_log" VALUES(8,'2019-06-30 14:08:49.294656','2','matttt','',4,1,3);
INSERT INTO "django_admin_log" VALUES(9,'2019-06-30 14:14:54.648717','2','matttt','[{"changed": {"fields": ["stripe_customer_id", "one_click_purchasing"]}}]',20,1,2);
INSERT INTO "django_admin_log" VALUES(10,'2019-06-30 14:18:00.945493','2','matttt','[{"changed": {"fields": ["stripe_customer_id", "one_click_purchasing"]}}]',20,1,2);
INSERT INTO "django_admin_log" VALUES(11,'2019-06-30 20:03:42.723165','2','matttt','[{"changed": {"fields": ["stripe_customer_id", "one_click_purchasing"]}}]',20,1,2);
INSERT INTO "django_admin_log" VALUES(12,'2019-06-30 20:11:23.629437','2','matttt','[{"changed": {"fields": ["stripe_customer_id", "one_click_purchasing"]}}]',20,1,2);
INSERT INTO "django_admin_log" VALUES(13,'2019-06-30 20:13:37.441341','2','matttt','[{"changed": {"fields": ["stripe_customer_id", "one_click_purchasing"]}}]',20,1,2);
INSERT INTO "django_admin_log" VALUES(14,'2020-07-07 14:49:02.847747','9','matttt','',16,1,3);
INSERT INTO "django_admin_log" VALUES(15,'2020-07-07 14:49:02.862954','8','matttt','',16,1,3);
INSERT INTO "django_admin_log" VALUES(16,'2020-07-07 14:49:02.872644','7','matttt','',16,1,3);
INSERT INTO "django_admin_log" VALUES(17,'2020-07-07 14:49:02.883231','6','matttt','',16,1,3);
INSERT INTO "django_admin_log" VALUES(18,'2020-07-07 14:49:02.896142','5','matttt','',16,1,3);
INSERT INTO "django_admin_log" VALUES(19,'2020-07-07 14:49:02.909875','4','matttt','',16,1,3);
INSERT INTO "django_admin_log" VALUES(20,'2020-07-07 14:49:02.922171','3','admin','',16,1,3);
INSERT INTO "django_admin_log" VALUES(21,'2020-07-07 14:49:02.932744','2','admin','',16,1,3);
INSERT INTO "django_admin_log" VALUES(22,'2020-07-07 14:49:02.943217','1','admin','',16,1,3);
INSERT INTO "django_admin_log" VALUES(23,'2020-07-07 14:49:26.859819','9','1 of A shirt','',19,1,3);
INSERT INTO "django_admin_log" VALUES(24,'2020-07-07 14:49:26.877231','8','1 of A shirt','',19,1,3);
INSERT INTO "django_admin_log" VALUES(25,'2020-07-07 14:49:26.890345','7','1 of A shirt','',19,1,3);
INSERT INTO "django_admin_log" VALUES(26,'2020-07-07 14:49:26.902182','6','1 of A shirt','',19,1,3);
INSERT INTO "django_admin_log" VALUES(27,'2020-07-07 14:49:26.912264','5','1 of A shirt','',19,1,3);
INSERT INTO "django_admin_log" VALUES(28,'2020-07-07 14:49:26.923129','4','1 of A shirt','',19,1,3);
INSERT INTO "django_admin_log" VALUES(29,'2020-07-07 14:49:26.933600','3','3 of A shirt','',19,1,3);
INSERT INTO "django_admin_log" VALUES(30,'2020-07-07 14:49:26.945322','2','1 of A shirt','',19,1,3);
INSERT INTO "django_admin_log" VALUES(31,'2020-07-07 14:49:26.956044','1','1 of A shirt','',19,1,3);
INSERT INTO "django_admin_log" VALUES(32,'2020-07-07 14:49:45.039056','10','1 of A shirt','',19,1,3);
INSERT INTO "django_admin_log" VALUES(33,'2020-07-07 14:51:16.465576','1','admin','[{"changed": {"fields": ["stripe_customer_id"]}}]',20,1,2);
INSERT INTO "django_admin_log" VALUES(34,'2020-07-07 14:51:26.885972','11','1 of A shirt','',19,1,3);
INSERT INTO "django_admin_log" VALUES(35,'2026-02-23 11:03:38.430720','6','shivani','[{"added": {}}]',4,5,1);
INSERT INTO "django_admin_log" VALUES(36,'2026-02-23 11:04:00.652455','6','shivani','[{"changed": {"fields": ["First name", "Last name", "Email address"]}}]',4,5,2);
INSERT INTO "django_admin_log" VALUES(37,'2026-02-23 18:19:15.408162','2','shirt','[{"added": {}}]',15,5,1);
INSERT INTO "django_admin_log" VALUES(38,'2026-02-23 18:19:46.109463','1','A shirt','[{"changed": {"fields": ["Price", "Discount price", "Category"]}}]',15,5,2);
INSERT INTO "django_admin_log" VALUES(39,'2026-02-24 03:07:50.631340','3','Jeans','[{"added": {}}]',15,5,1);
INSERT INTO "django_admin_log" VALUES(40,'2026-02-24 03:09:00.401324','4','Western Top','[{"added": {}}]',15,5,1);
INSERT INTO "django_admin_log" VALUES(41,'2026-02-24 03:09:57.967255','5','western Top','[{"added": {}}]',15,5,1);
INSERT INTO "django_admin_log" VALUES(42,'2026-02-24 03:11:56.541185','6','Saree','[{"added": {}}]',15,5,1);
INSERT INTO "django_admin_log" VALUES(43,'2026-02-24 03:14:02.356051','7','All dupatta sets','[{"added": {}}]',15,5,1);
INSERT INTO "django_admin_log" VALUES(44,'2026-02-24 03:15:03.214886','8','Anarkali','[{"added": {}}]',15,5,1);
INSERT INTO "django_admin_log" VALUES(45,'2026-02-24 03:23:58.616592','9','Kids boy','[{"added": {}}]',15,5,1);
INSERT INTO "django_admin_log" VALUES(46,'2026-02-24 03:27:07.617563','10','kids','[{"added": {}}]',15,5,1);
INSERT INTO "django_admin_log" VALUES(47,'2026-02-24 03:31:13.151385','8','Anarkali','[{"changed": {"fields": ["Slug"]}}]',15,5,2);
INSERT INTO "django_admin_log" VALUES(48,'2026-02-24 03:32:57.775671','4','Western Top','[{"changed": {"fields": ["Slug"]}}]',15,5,2);
INSERT INTO "django_admin_log" VALUES(49,'2026-02-24 03:33:03.981444','4','Western Top','[]',15,5,2);
INSERT INTO "django_admin_log" VALUES(50,'2026-02-24 03:33:13.198172','5','western Top','[{"changed": {"fields": ["Slug"]}}]',15,5,2);
INSERT INTO "django_admin_log" VALUES(51,'2026-02-24 03:34:33.243127','4','Western Top','[]',15,5,2);
INSERT INTO "django_admin_log" VALUES(52,'2026-02-24 03:34:45.816086','3','Jeans','[{"changed": {"fields": ["Slug"]}}]',15,5,2);
INSERT INTO "django_admin_log" VALUES(53,'2026-02-24 03:39:31.221183','11','shirt','[{"added": {}}]',15,5,1);
INSERT INTO "django_admin_log" VALUES(54,'2026-02-24 03:43:19.077555','12','T-shirt','[{"added": {}}]',15,5,1);
INSERT INTO "django_admin_log" VALUES(55,'2026-02-24 06:23:46.211642','1','A shirt','',15,5,3);
INSERT INTO "django_admin_log" VALUES(56,'2026-02-24 14:13:19.981303','13','Kurthi','[{"added": {}}]',15,9,1);
INSERT INTO "django_admin_log" VALUES(57,'2026-02-24 14:20:02.101913','14','kurthi','[{"added": {}}]',15,9,1);
INSERT INTO "django_admin_log" VALUES(58,'2026-02-24 14:23:26.849565','15','kurthi','[{"added": {}}]',15,9,1);
INSERT INTO "django_admin_log" VALUES(59,'2026-02-24 14:40:08.344008','16','western','[{"added": {}}]',15,9,1);
INSERT INTO "django_admin_log" VALUES(60,'2026-02-24 14:43:19.371778','17','western','[{"added": {}}]',15,9,1);
INSERT INTO "django_admin_log" VALUES(61,'2026-02-24 14:49:24.090780','18','western top','[{"added": {}}]',15,9,1);
INSERT INTO "django_admin_log" VALUES(62,'2026-02-25 17:36:11.420888','10','admin','',13,9,3);
INSERT INTO "django_admin_log" VALUES(63,'2026-02-25 17:36:11.421071','9','admin','',13,9,3);
INSERT INTO "django_admin_log" VALUES(64,'2026-02-25 17:36:11.421158','8','admin','',13,9,3);
INSERT INTO "django_admin_log" VALUES(65,'2026-02-25 17:36:11.421233','7','admin','',13,9,3);
INSERT INTO "django_admin_log" VALUES(66,'2026-02-25 17:36:11.421299','6','matttt','',13,9,3);
INSERT INTO "django_admin_log" VALUES(67,'2026-02-25 17:36:11.421358','5','matttt','',13,9,3);
INSERT INTO "django_admin_log" VALUES(68,'2026-02-25 17:36:11.421418','4','admin','',13,9,3);
INSERT INTO "django_admin_log" VALUES(69,'2026-02-25 17:36:11.421474','3','admin','',13,9,3);
INSERT INTO "django_admin_log" VALUES(70,'2026-02-25 17:36:57.244356','1','matt@gmail.com','',8,9,3);
INSERT INTO "django_admin_log" VALUES(71,'2026-02-26 07:33:25.380461','19','shirt','[{"added": {}}]',15,9,1);
INSERT INTO "django_admin_log" VALUES(72,'2026-02-27 11:57:08.448196','20','Shirt','[{"added": {}}]',15,9,1);
INSERT INTO "django_admin_log" VALUES(73,'2026-02-27 11:58:56.535545','21','Shirt','[{"added": {}}]',15,9,1);
INSERT INTO "django_admin_log" VALUES(74,'2026-02-27 12:02:30.911435','22','Trouser','[{"added": {}}]',15,9,1);
INSERT INTO "django_admin_log" VALUES(75,'2026-02-27 12:05:53.890592','23','Pant','[{"added": {}}]',15,9,1);
INSERT INTO "django_admin_log" VALUES(76,'2026-02-27 12:13:23.092662','24','T-shirt','[{"added": {}}]',15,9,1);
INSERT INTO "django_admin_log" VALUES(77,'2026-02-27 12:26:44.484531','25','Pant','[{"added": {}}]',15,9,1);
INSERT INTO "django_admin_log" VALUES(78,'2026-02-27 12:28:08.724200','26','T-shirt','[{"added": {}}]',15,9,1);
INSERT INTO "django_admin_log" VALUES(79,'2026-02-27 12:30:27.555822','27','Hoodie','[{"added": {}}]',15,9,1);
INSERT INTO "django_admin_log" VALUES(80,'2026-02-27 12:33:06.561686','28','Hoodie','[{"added": {}}]',15,9,1);
CREATE TABLE "django_content_type" ("id" integer NOT NULL PRIMARY KEY AUTOINCREMENT, "app_label" varchar(100) NOT NULL, "model" varchar(100) NOT NULL);
INSERT INTO "django_content_type" VALUES(1,'admin','logentry');
INSERT INTO "django_content_type" VALUES(2,'auth','permission');
INSERT INTO "django_content_type" VALUES(3,'auth','group');
INSERT INTO "django_content_type" VALUES(4,'auth','user');
INSERT INTO "django_content_type" VALUES(5,'contenttypes','contenttype');
INSERT INTO "django_content_type" VALUES(6,'sessions','session');
INSERT INTO "django_content_type" VALUES(7,'sites','site');
INSERT INTO "django_content_type" VALUES(8,'account','emailaddress');
INSERT INTO "django_content_type" VALUES(9,'account','emailconfirmation');
INSERT INTO "django_content_type" VALUES(10,'socialaccount','socialaccount');
INSERT INTO "django_content_type" VALUES(11,'socialaccount','socialapp');
INSERT INTO "django_content_type" VALUES(12,'socialaccount','socialtoken');
INSERT INTO "django_content_type" VALUES(13,'core','address');
INSERT INTO "django_content_type" VALUES(14,'core','coupon');
INSERT INTO "django_content_type" VALUES(15,'core','item');
INSERT INTO "django_content_type" VALUES(16,'core','order');
INSERT INTO "django_content_type" VALUES(17,'core','refund');
INSERT INTO "django_content_type" VALUES(18,'core','payment');
INSERT INTO "django_content_type" VALUES(19,'core','orderitem');
INSERT INTO "django_content_type" VALUES(20,'core','userprofile');
INSERT INTO "django_content_type" VALUES(21,'core','category');
INSERT INTO "django_content_type" VALUES(22,'core','addressbook');
INSERT INTO "django_content_type" VALUES(23,'core','wishlist');
CREATE TABLE "django_migrations" ("id" integer NOT NULL PRIMARY KEY AUTOINCREMENT, "app" varchar(255) NOT NULL, "name" varchar(255) NOT NULL, "applied" datetime NOT NULL);
INSERT INTO "django_migrations" VALUES(1,'contenttypes','0001_initial','2019-06-16 20:54:13.452527');
INSERT INTO "django_migrations" VALUES(2,'auth','0001_initial','2019-06-16 20:54:13.464341');
INSERT INTO "django_migrations" VALUES(3,'account','0001_initial','2019-06-16 20:54:13.478053');
INSERT INTO "django_migrations" VALUES(4,'account','0002_email_max_length','2019-06-16 20:54:13.486813');
INSERT INTO "django_migrations" VALUES(5,'admin','0001_initial','2019-06-16 20:54:13.494717');
INSERT INTO "django_migrations" VALUES(6,'admin','0002_logentry_remove_auto_add','2019-06-16 20:54:13.504811');
INSERT INTO "django_migrations" VALUES(7,'admin','0003_logentry_add_action_flag_choices','2019-06-16 20:54:13.514776');
INSERT INTO "django_migrations" VALUES(8,'contenttypes','0002_remove_content_type_name','2019-06-16 20:54:13.531799');
INSERT INTO "django_migrations" VALUES(9,'auth','0002_alter_permission_name_max_length','2019-06-16 20:54:13.537767');
INSERT INTO "django_migrations" VALUES(10,'auth','0003_alter_user_email_max_length','2019-06-16 20:54:13.547088');
INSERT INTO "django_migrations" VALUES(11,'auth','0004_alter_user_username_opts','2019-06-16 20:54:13.557284');
INSERT INTO "django_migrations" VALUES(12,'auth','0005_alter_user_last_login_null','2019-06-16 20:54:13.566185');
INSERT INTO "django_migrations" VALUES(13,'auth','0006_require_contenttypes_0002','2019-06-16 20:54:13.567554');
INSERT INTO "django_migrations" VALUES(14,'auth','0007_alter_validators_add_error_messages','2019-06-16 20:54:13.576477');
INSERT INTO "django_migrations" VALUES(15,'auth','0008_alter_user_username_max_length','2019-06-16 20:54:13.585346');
INSERT INTO "django_migrations" VALUES(16,'auth','0009_alter_user_last_name_max_length','2019-06-16 20:54:13.594345');
INSERT INTO "django_migrations" VALUES(17,'auth','0010_alter_group_name_max_length','2019-06-16 20:54:13.601875');
INSERT INTO "django_migrations" VALUES(18,'auth','0011_update_proxy_permissions','2019-06-16 20:54:13.609014');
INSERT INTO "django_migrations" VALUES(19,'core','0001_initial','2019-06-16 20:54:13.701479');
INSERT INTO "django_migrations" VALUES(20,'sessions','0001_initial','2019-06-16 20:54:13.705244');
INSERT INTO "django_migrations" VALUES(21,'sites','0001_initial','2019-06-16 20:54:13.708813');
INSERT INTO "django_migrations" VALUES(22,'sites','0002_alter_domain_unique','2019-06-16 20:54:13.716080');
INSERT INTO "django_migrations" VALUES(23,'socialaccount','0001_initial','2019-06-16 20:54:13.753974');
INSERT INTO "django_migrations" VALUES(24,'socialaccount','0002_token_max_lengths','2019-06-16 20:54:13.799800');
INSERT INTO "django_migrations" VALUES(25,'socialaccount','0003_extra_data_default_dict','2019-06-16 20:54:13.810806');
INSERT INTO "django_migrations" VALUES(26,'core','0002_auto_20190616_2144','2019-06-16 21:45:01.079177');
INSERT INTO "django_migrations" VALUES(27,'core','0003_userprofile','2019-06-30 09:49:57.482292');
INSERT INTO "django_migrations" VALUES(28,'core','0004_auto_20190630_1408','2019-06-30 14:08:30.102395');
INSERT INTO "django_migrations" VALUES(29,'auth','0012_alter_user_first_name_max_length','2026-02-21 13:18:01.049865');
INSERT INTO "django_migrations" VALUES(30,'account','0003_auto_20260223_2245','2026-02-23 17:15:36.794201');
INSERT INTO "django_migrations" VALUES(31,'core','0005_auto_20260223_2245','2026-02-23 17:15:37.033752');
INSERT INTO "django_migrations" VALUES(32,'socialaccount','0004_auto_20260223_2245','2026-02-23 17:15:37.152175');
INSERT INTO "django_migrations" VALUES(33,'core','0006_auto_20260223_2307','2026-02-24 06:20:02.406431');
INSERT INTO "django_migrations" VALUES(34,'core','0007_alter_item_category','2026-02-24 06:20:02.430876');
INSERT INTO "django_migrations" VALUES(35,'core','0008_dedupe_item_slugs_and_make_unique','2026-02-24 06:31:08.508628');
INSERT INTO "django_migrations" VALUES(36,'account','0003_alter_emailaddress_create_unique_verified_email','2026-02-25 17:22:47.012405');
INSERT INTO "django_migrations" VALUES(37,'account','0004_alter_emailaddress_drop_unique_email','2026-02-25 17:22:47.084661');
INSERT INTO "django_migrations" VALUES(38,'account','0005_emailaddress_idx_upper_email','2026-02-25 17:22:47.133797');
INSERT INTO "django_migrations" VALUES(39,'account','0006_emailaddress_lower','2026-02-25 17:22:47.201882');
INSERT INTO "django_migrations" VALUES(40,'account','0007_emailaddress_idx_email','2026-02-25 17:22:47.302113');
INSERT INTO "django_migrations" VALUES(41,'account','0008_emailaddress_unique_primary_email_fixup','2026-02-25 17:22:47.370303');
INSERT INTO "django_migrations" VALUES(42,'account','0009_emailaddress_unique_primary_email','2026-02-25 17:22:47.420504');
INSERT INTO "django_migrations" VALUES(43,'socialaccount','0004_app_provider_id_settings','2026-02-25 17:22:47.525543');
INSERT INTO "django_migrations" VALUES(44,'socialaccount','0005_socialtoken_nullable_app','2026-02-25 17:22:47.611606');
INSERT INTO "django_migrations" VALUES(45,'socialaccount','0006_alter_socialaccount_extra_data','2026-02-25 17:22:47.669802');
INSERT INTO "django_migrations" VALUES(46,'core','0009_add_razorpay_fields','2026-02-25 17:49:09.755014');
INSERT INTO "django_migrations" VALUES(47,'core','0010_add_address_lat_lng','2026-02-25 18:17:16.458035');
INSERT INTO "django_migrations" VALUES(48,'core','0011_add_order_availability_datetime','2026-02-25 18:21:50.437947');
INSERT INTO "django_migrations" VALUES(49,'core','0012_add_userprofile_details','2026-02-25 18:44:36.433085');
INSERT INTO "django_migrations" VALUES(50,'core','0013_add_address_book','2026-02-25 18:48:24.162237');
INSERT INTO "django_migrations" VALUES(51,'core','0014_add_order_status','2026-02-25 18:51:01.546996');
INSERT INTO "django_migrations" VALUES(52,'core','0015_add_wishlist','2026-02-25 18:56:20.016982');
CREATE TABLE "django_session" ("session_key" varchar(40) NOT NULL PRIMARY KEY, "session_data" text NOT NULL, "expire_date" datetime NOT NULL);
INSERT INTO "django_session" VALUES('9x8pqgrj0tgyt8cgksikq4j5yyw2g3j4','ZDExZmQzZTdlYTYzMzEzNmI4MTUwMmM3NDU1MGVjZWRjNDNjZTM0ODp7Il9hdXRoX3VzZXJfaWQiOiIxIiwiX2F1dGhfdXNlcl9iYWNrZW5kIjoiZGphbmdvLmNvbnRyaWIuYXV0aC5iYWNrZW5kcy5Nb2RlbEJhY2tlbmQiLCJfYXV0aF91c2VyX2hhc2giOiI1MjIwNjZiODkwMWM5NGQyYTA5MWNkN2IzOWE4NWUyMzBlODhjZjI3In0=','2019-06-30 21:02:37.563093');
INSERT INTO "django_session" VALUES('95z7sepwtqu8o4f7pp4d22ynbi8tjgfl','YWViMDdkZjA1ZjdiMjY5Mjc5OGY2YWEzNzM0MGFhZDE0YWMwZTk5NDp7Il9hdXRoX3VzZXJfaWQiOiIzIiwiX2F1dGhfdXNlcl9iYWNrZW5kIjoiZGphbmdvLmNvbnRyaWIuYXV0aC5iYWNrZW5kcy5Nb2RlbEJhY2tlbmQiLCJfYXV0aF91c2VyX2hhc2giOiIzYTZhM2M5MmM3NDljMmVmYWM3MzVlNzk3NTBlMWRmNDBlOTIxNzBiIiwiX3Nlc3Npb25fZXhwaXJ5IjowfQ==','2019-07-14 14:10:40.461996');
INSERT INTO "django_session" VALUES('zc5js866sqlgbpu4ejuxiy8cq8mr14b7','ZDExZmQzZTdlYTYzMzEzNmI4MTUwMmM3NDU1MGVjZWRjNDNjZTM0ODp7Il9hdXRoX3VzZXJfaWQiOiIxIiwiX2F1dGhfdXNlcl9iYWNrZW5kIjoiZGphbmdvLmNvbnRyaWIuYXV0aC5iYWNrZW5kcy5Nb2RlbEJhY2tlbmQiLCJfYXV0aF91c2VyX2hhc2giOiI1MjIwNjZiODkwMWM5NGQyYTA5MWNkN2IzOWE4NWUyMzBlODhjZjI3In0=','2019-07-14 14:11:37.062998');
INSERT INTO "django_session" VALUES('ljmcixhto1bbx4texkhs23u0k56kfnzb','ZDExZmQzZTdlYTYzMzEzNmI4MTUwMmM3NDU1MGVjZWRjNDNjZTM0ODp7Il9hdXRoX3VzZXJfaWQiOiIxIiwiX2F1dGhfdXNlcl9iYWNrZW5kIjoiZGphbmdvLmNvbnRyaWIuYXV0aC5iYWNrZW5kcy5Nb2RlbEJhY2tlbmQiLCJfYXV0aF91c2VyX2hhc2giOiI1MjIwNjZiODkwMWM5NGQyYTA5MWNkN2IzOWE4NWUyMzBlODhjZjI3In0=','2020-07-21 14:23:52.591461');
INSERT INTO "django_session" VALUES('0uqkaykcc5684ltj9zpwc2ae1aebl2ra','.eJxVjEEOwiAURO_C2hAoUNou3XsG8j98LGqgKW2iMd7dNulClzPz5r2Zg3UZ3VppdimwgWl2-u0Q_J3yPoQb5GvhvuRlTsh3hB9r5ZcS6HE-2D_BCHXc3lJbSY0IhlTbR-yoQd14Q9pukTRFCLYXpDAqga1sjbI-SgORQKIx3S6tVGsq2dFzSvOLDeLzBZe3P3g:1vtn5x:ex7rT4xbd41k2PuCRETz4iH7V_0lHBl1cKOD1wsavok','2026-03-07 13:32:29.237978');
INSERT INTO "django_session" VALUES('hxmnkntyotrp1de4bhabf2s8m3q342il','.eJxVjMsOwiAQRf-FtSFTHqV06d5vIAxMLWrAQJtojP-uTbrQ7T3nnhdzfl1mtzaqLkU2Ms0Ovxv6cKW8gXjx-Vx4KHmpCfmm8J02fiqRbsfd_QvMvs3ftyEFxoDshmmyCAQ9BCWsiKA9KmlEgKEPXhupqOukD6hAo9ARlZ1sb7doo9ZSyY4e91SfbIT3B1bqPkU:1vuTd1:3r20YFpkF-h8cfl4zS2Dpi7-R0D_Zt5Ipt-MebZAD6M','2026-03-09 10:57:27.809741');
INSERT INTO "django_session" VALUES('kzuf15r7m4reslt2z2eghuoep2qaqa15','.eJxVjMsOwiAQRf-FtSFTHqV06d5vIAxMLWrAQJtojP-uTbrQ7T3nnhdzfl1mtzaqLkU2Ms0Ovxv6cKW8gXjx-Vx4KHmpCfmm8J02fiqRbsfd_QvMvs3ftyEFxoDshmmyCAQ9BCWsiKA9KmlEgKEPXhupqOukD6hAo9ARlZ1sb7doo9ZSyY4e91SfbIT3B1bqPkU:1vuaNr:ifKGTAs_d9ceE2BviVZph5Ry-kCSc_zsen2s1ujJ454','2026-03-09 18:10:15.484642');
INSERT INTO "django_session" VALUES('cc2f188qmt4l5qalu5tti486ia2en4d2','.eJxVjDsOwjAQBe_iGlnrLzElfc5gbbxrHEC2FCcV4u4QKQW0b2beS0Tc1hK3zkucSVxEEKffbcL04LoDumO9NZlaXZd5krsiD9rl2Iif18P9OyjYy7d21lttIYEP1qIzrBFAe2UGckTMThmN6MFBoACo-Iw5eeKMoAbKQbw_uNo3kA:1vusas:sJjmtersxcOEdfbi_vnhprRdcTUjxjjtvWfIVwfaHVQ','2026-03-10 13:36:54.910009');
INSERT INTO "django_session" VALUES('yctzd4vym1cbhpm2rexov50c7mt4km8n','.eJxVkMFuwyAQRP9lz5ZlY8IaH3vPF1SVtSzrmraByOCkVZR_r2hzyW00b_QOcwNiTnssM-1llVgCUwkpzicpa_IZptcb_GeY4Ew5X9PmoQEqMPWIqtMGFbYHZXujxwb2LFukk8AEeQ0XimGD-1sDf_650jlUlYWnzhF_SqzAf1B8Ty2nWLbg2jppHzS3x-Tl6-WxfRKslNeqXQwPgyHXaVZ28AuN2KMdrOeOnTZaRmMRSfGg1OK87g52wVE8I4p2WKVZcq4XyPc5bD8wdfdfs3JhoQ:1vvKIp:B9El4EiM3bykMRk66x72X1muqGilu7JSy6ks_u05jjU','2026-03-11 19:12:07.579893');
INSERT INTO "django_session" VALUES('h3ziy1ivf1m2uzm6pavi7ttynt1nzxmk','.eJxVkEtOxDAQRO_S6yhKbOOOs2TPCRCK2u0OMTD2KHb4aDR3R4bZzK5Ur_QWdQFizkeqCx11k1QjU405LSepWw4F5ucL_GeY4UylfOU9QAdUYR4R1WBwnExvtXFqUh0cRfZEJ4EZyhY_KcUdri8d_PmXRpfYVA7uOk_8LqmB8EbpNfecU92j79ukv9HSP-UgH4-37Z1go7I17WpZa0t-MKycDitNOKLTLvDA3lgjk3WIpFgrtfpghge34iSBEcV4bNIipbQL5Psc9x-Yh-svsOJhng:1vvKQC:2k45KYvVvTGAe4oXbENXbMGTTg0W7h1RYaR4qZ8MKgU','2026-03-11 19:19:44.656787');
INSERT INTO "django_session" VALUES('qoqk098hm66yb8ta3mjvf66ufdyv3re2','.eJxVkM1uwyAQhN9lz5aFDQbjY-95gqqylmVd0zYQAe6Porx7RZtLbqP5Rt9hroBE6Yh1xaPuHGsgrCHF9cx1T77A8nyF_wwLXLCUr5Q9dIAVlsGYUWg9DUOvJiGl7OAonCOeGRYoe_jEGDLcXjr406-NrqGZLDx0DumdYwP-DeNr6inFmoPr26S_09KfkuePp_v2QbBj2Zt20ySlRicUjVb6DWczGCutJ0FOacWztsbgSHIcN-eVmOxmZvZkDCtnmrRwKe0B_r6E_AOLuP0CXHlhWQ:1vvPRv:8xrPAjM8bT9Z7V94VnwHNRkXMEtrrv-OIQwo1vkEL1Y','2026-03-12 00:41:51.500491');
INSERT INTO "django_session" VALUES('ug8wxflxq72o71f4lb18drsi21owbdlz','.eJxVkMFuwyAQRP9lz5aFwfEaH3vPF1SVtSzrmraByOCkVZR_r2hzyW00b_QOcwNiTnssM-1llVgCUwkpzicpa_IZptcb_GeY4Ew5X9PmoQEqMHWIWqEZD12rDCqlG9izbJFOAhPkNVwohg3ubw386edK51BNFp46R_wpsQL_QfE9tZxi2YJr66R90Nwek5evl8f2SbBSXqt2GdiYgZzqWVvjFxqxQ2usZ8WuH3oZB4tImo3Wi_O9OtgFR_GMKL3DKs2Sc31Avs9h-4FJ3X8BW7lhWA:1vvRMJ:BZ3VRTjKIpCA6HzUF9dZF-9zULcnPj-M67k7_OiFjHc','2026-03-12 02:44:11.087272');
INSERT INTO "django_session" VALUES('b9nonyklpeli0cj8nbf9dw9rmkyxznaz','.eJxVkEtOxDAQRO_S6yhyYuOOs2TPCRCK2u0OMTD2KHb4aDR3R4bZzK5Ur_QWdQFizkeqCx11k1QjU405LSepWw4F5ucL_GeY4UylfOU9QAdUYR4QRzWhttjjoIzRHRxF9kQngRnKFj8pxR2uLx386ZdGl9hMDu46T_wuqYHwRuk195xT3aPv26S_0dI_5SAfj7ftnWCjsjXtallrS14ZHp0OK004oNMusGJvrJHJOkQaWY_j6oNRD27FSQIjivHYpEVKaQ_I9znuPzCr6y9n02Fm:1vvUsJ:DDn1ytX95olACF_VVA6WbSlzE2RzP4RSF6Qo1rZzATI','2026-03-12 06:29:27.745641');
INSERT INTO "django_session" VALUES('6v9i3pc424epnvt8qbsxdgj95mptzv9k','.eJxVkMtOwzAQRf9l1lGU2GkmzpIFCx4b2CAhFI0fwQZqB9sF0qr_jkzLoruje6-ONHMAUirsfJ5ol63x2SnKLvhpa7INOsH4fIATwwgLpfQdooYKKMPYIrJGMOzbelOIYwW7ZKKnrYERknVf5F2E40sFf_6ptJMrKgEXmST1bnwp9Bv511Cr4HN0si6T-tym-j5o83F13l4ILCVbtHOvOO9JNp1iguuZBmxRcKFVo2TXd2boBSIxxRmbpe6ajZhxMFohmk5ikSaTUnmB-VlcXGFsKoi0D3GhdQpR_19wwsdb-7kM6831093DvIfjL26NcSQ:1vvWcB:FMwjxfoQVTedJZ3NDawSw8PAmEBcFr9gTRC7NC4PAig','2026-03-12 08:20:55.693580');
INSERT INTO "django_session" VALUES('lvkdrrlk6pkserozigofavqaae59zkph','.eJxVkEtOxDAQRO_S6yhKYpOOs2TPCRCK2u0ONjD2yHb4aDR3R4bZzK5Ur_QWdQFiTkesGx3VS6yBqYYUt5NUn1yB9fkC_xlWOFMpXyk76IAqrCPiNBg9j6YfjUK9YAdHkRzpJLBC8eGTYshwfengz781uoWmMnDXWeJ3iQ24N4qvqecUaw62b5P-Rkv_lJx8PN62dwJPxTftPrNSM9lB82SU22nBEY0yjge2etayzAaRJlbTtFunhwez4yKOEUVbbNIipbQL5Psc8g-sw_UXuYJhqA:1vvWpw:LsmF4RvVgeefDizSLoE-bIesjcuxW2fYkPtZoWolrqA','2026-03-12 08:35:08.509273');
INSERT INTO "django_session" VALUES('rf6dgyqssiokysp8lm0jbqi4d0l7ofww','.eJxVkM1ugzAQhN9lzwhhMCzm2HueoKrQer0Ut40d2aY_ivLuldtcchvNN_oOcwVijkcoKx1ll1A8U_ExrGcpe3QZlucr_GdY4EI5f8XkoAEqsCjEXimFnWqNVqPBsYEjSwp0Flgg7_6Tgk9we2ngz79WuvqqMvDQWeJ3CRW4NwqvseUYSvK2rZP2TnN7ik4-nu7bB8FOea_abeJhmMh2mnszuI1mVGgG47hjqyct82QQqeeh7zfrdDeaDWdxjCjaYpVmybleIN8Xn35g6W6_qolhlw:1vvbCn:aYI7MNBaae9aJnhrTnFxwB7c58wQSNOFht-Gb9Bf5sM','2026-03-12 13:15:01.975357');
INSERT INTO "django_session" VALUES('70n31qst3ejcz3gbkkk4c7jzcurza4kc','.eJxVkMtuwyAQRf9l1paFMQHjZbdVVlVXVWUNr5g2Bgtw0zTKv1c06SK7q3uujjRzAdQ6bqFMuJXZhuI1Fh_DtNgyR5NhfLvALcMIK-Z8islAA1hg7ISgXdcJ0rdUcDLseANbtingYmGEPPsvDD7B9b2BP_9U6eSrSsJDp1B_2lCB-cBwiK2OoSSv2jpp7zS3-2js8em-fRDMmOeqdVz3PUdFmKayNw4H0QnZS6OJVowzO3ApBFLdU-qUYWQnnRis0UJYpkSVZptzfYH9Xn06w0gaSPgT04rnKSbzf8EtvjwvJ3d-DXsWD0cH119l_HFo:1vvbHX:wgeZ9tUhamfmgblMitQgjqPBfcoOmQXUuiEKHM3P7Gc','2026-03-12 13:19:55.360179');
INSERT INTO "django_session" VALUES('i9revur068li5rf1yxmaskj8e2ymkcfa','.eJxVkM1ugzAQhN9lzwgBNl7Msfc8QVWh9Xopbhs7wqY_ivLuldtcchvNN_oOcwViTkcsCx1lk1gCUwkpLmcpW_IZ5ucr_GeY4UI5f6XdQwNUYO4RB22sGvtWmUmjGhs4suyRzgIz5C18Ugw73F4a-PMvlS6hqiw8dI74XWIF_o3ia2o5xbIH19ZJe6e5PSUvH0_37YNgo7xV7WpYKUOu0zxY5VeasEerrOeOnTZaJmMRaWA1DKvzuhvtipN4RhTtsEqz5FwvkO9L2H9g7m6_tjhhpA:1vx6FL:704PhgS3p7F4YSG1M_6Rm9Ukk9sXWU8PR-YMnKgQTyw','2026-03-16 16:35:51.398056');
INSERT INTO "django_session" VALUES('ivic8wm8j3ir0d92un5remjdkyjoioz0','.eJxVkM1uwyAQhN9lz5aFARvjY-95gqqylmVdaBuIDO6Porx7RZtLbqP5Rt9hroBE-Uh1xaMGTjUS1pjTeuYasi-wPF_hP8MCFyzlK-8eOsAKy2CMHIdRjrIXSspJyw6OwnvCM8MCJcRPTHGH20sHf_610TU2lYWHziG9c2rAv2F6zT3lVPfo-jbp77T0p-z54-m-fRAELKFpt4mUmtAJTdIqv-FsBmOV9STI6UnzPFljUJKScnNei9FuZmZPxrB2pkkLl9Iu4O9L3H9gEbdfoINhiw:1vxIBg:5xznEo0HFR_8XAfDwXqHHp0GEsu8DIPlie8Y_Jer5J0','2026-03-17 05:20:52.083278');
CREATE TABLE "django_site" ("id" integer NOT NULL PRIMARY KEY AUTOINCREMENT, "name" varchar(50) NOT NULL, "domain" varchar(100) NOT NULL UNIQUE);
INSERT INTO "django_site" VALUES(1,'example.com','example.com');
CREATE TABLE "socialaccount_socialaccount" ("id" integer NOT NULL PRIMARY KEY AUTOINCREMENT, "provider" varchar(200) NOT NULL, "uid" varchar(191) NOT NULL, "last_login" datetime NOT NULL, "date_joined" datetime NOT NULL, "user_id" integer NOT NULL REFERENCES "auth_user" ("id") DEFERRABLE INITIALLY DEFERRED, "extra_data" text NOT NULL CHECK ((JSON_VALID("extra_data") OR "extra_data" IS NULL)));
CREATE TABLE "socialaccount_socialapp" ("id" integer NOT NULL PRIMARY KEY AUTOINCREMENT, "provider" varchar(30) NOT NULL, "name" varchar(40) NOT NULL, "client_id" varchar(191) NOT NULL, "secret" varchar(191) NOT NULL, "key" varchar(191) NOT NULL, "provider_id" varchar(200) NOT NULL, "settings" text NOT NULL CHECK ((JSON_VALID("settings") OR "settings" IS NULL)));
CREATE TABLE "socialaccount_socialapp_sites" ("id" integer NOT NULL PRIMARY KEY AUTOINCREMENT, "socialapp_id" integer NOT NULL REFERENCES "socialaccount_socialapp" ("id") DEFERRABLE INITIALLY DEFERRED, "site_id" integer NOT NULL REFERENCES "django_site" ("id") DEFERRABLE INITIALLY DEFERRED);
CREATE TABLE "socialaccount_socialtoken" ("id" integer NOT NULL PRIMARY KEY AUTOINCREMENT, "token" text NOT NULL, "token_secret" text NOT NULL, "expires_at" datetime NULL, "account_id" integer NOT NULL REFERENCES "socialaccount_socialaccount" ("id") DEFERRABLE INITIALLY DEFERRED, "app_id" integer NULL REFERENCES "socialaccount_socialapp" ("id") DEFERRABLE INITIALLY DEFERRED);
CREATE UNIQUE INDEX "auth_group_permissions_group_id_permission_id_0cd325b0_uniq" ON "auth_group_permissions" ("group_id", "permission_id");
CREATE INDEX "auth_group_permissions_group_id_b120cbf9" ON "auth_group_permissions" ("group_id");
CREATE INDEX "auth_group_permissions_permission_id_84c5c92e" ON "auth_group_permissions" ("permission_id");
CREATE UNIQUE INDEX "auth_user_groups_user_id_group_id_94350c0c_uniq" ON "auth_user_groups" ("user_id", "group_id");
CREATE INDEX "auth_user_groups_user_id_6a12ed8b" ON "auth_user_groups" ("user_id");
CREATE INDEX "auth_user_groups_group_id_97559544" ON "auth_user_groups" ("group_id");
CREATE UNIQUE INDEX "auth_user_user_permissions_user_id_permission_id_14a6b632_uniq" ON "auth_user_user_permissions" ("user_id", "permission_id");
CREATE INDEX "auth_user_user_permissions_user_id_a95ead1b" ON "auth_user_user_permissions" ("user_id");
CREATE INDEX "auth_user_user_permissions_permission_id_1fbb5f2c" ON "auth_user_user_permissions" ("permission_id");
CREATE INDEX "django_admin_log_content_type_id_c4bce8eb" ON "django_admin_log" ("content_type_id");
CREATE INDEX "django_admin_log_user_id_c564eba6" ON "django_admin_log" ("user_id");
CREATE UNIQUE INDEX "django_content_type_app_label_model_76bd3d3b_uniq" ON "django_content_type" ("app_label", "model");
CREATE UNIQUE INDEX "auth_permission_content_type_id_codename_01ab375a_uniq" ON "auth_permission" ("content_type_id", "codename");
CREATE INDEX "auth_permission_content_type_id_2f476e4b" ON "auth_permission" ("content_type_id");
CREATE UNIQUE INDEX "core_order_items_order_id_orderitem_id_f9cea05f_uniq" ON "core_order_items" ("order_id", "orderitem_id");
CREATE INDEX "core_order_items_order_id_c5dde6c1" ON "core_order_items" ("order_id");
CREATE INDEX "core_order_items_orderitem_id_e44f86b6" ON "core_order_items" ("orderitem_id");
CREATE INDEX "django_session_expire_date_a5c62663" ON "django_session" ("expire_date");
CREATE UNIQUE INDEX "socialaccount_socialapp_sites_socialapp_id_site_id_71a9a768_uniq" ON "socialaccount_socialapp_sites" ("socialapp_id", "site_id");
CREATE INDEX "socialaccount_socialapp_sites_socialapp_id_97fb6e7d" ON "socialaccount_socialapp_sites" ("socialapp_id");
CREATE INDEX "socialaccount_socialapp_sites_site_id_2579dee5" ON "socialaccount_socialapp_sites" ("site_id");
CREATE INDEX "account_emailconfirmation_email_address_id_5b7f8c58" ON "account_emailconfirmation" ("email_address_id");
CREATE INDEX "core_address_user_id_7681a39c" ON "core_address" ("user_id");
CREATE INDEX "core_orderitem_item_id_3b7d0c2e" ON "core_orderitem" ("item_id");
CREATE INDEX "core_orderitem_user_id_323fe695" ON "core_orderitem" ("user_id");
CREATE INDEX "core_refund_order_id_7fe621fa" ON "core_refund" ("order_id");
CREATE UNIQUE INDEX "account_emailaddress_user_id_email_987c8728_uniq" ON "account_emailaddress" ("user_id", "email");
CREATE UNIQUE INDEX "unique_verified_email" ON "account_emailaddress" ("email") WHERE "verified";
CREATE INDEX "account_emailaddress_user_id_2c513194" ON "account_emailaddress" ("user_id");
CREATE INDEX "account_emailaddress_email_03be32b2" ON "account_emailaddress" ("email");
CREATE UNIQUE INDEX "unique_primary_email" ON "account_emailaddress" ("user_id", "primary") WHERE "primary";
CREATE UNIQUE INDEX "socialaccount_socialtoken_app_id_account_id_fca4e0ac_uniq" ON "socialaccount_socialtoken" ("app_id", "account_id");
CREATE INDEX "socialaccount_socialtoken_account_id_951f210e" ON "socialaccount_socialtoken" ("account_id");
CREATE INDEX "socialaccount_socialtoken_app_id_636a42d7" ON "socialaccount_socialtoken" ("app_id");
CREATE UNIQUE INDEX "socialaccount_socialaccount_provider_uid_fc810c6e_uniq" ON "socialaccount_socialaccount" ("provider", "uid");
CREATE INDEX "socialaccount_socialaccount_user_id_8146e70c" ON "socialaccount_socialaccount" ("user_id");
CREATE INDEX "core_payment_user_id_274e164a" ON "core_payment" ("user_id");
CREATE INDEX "core_addressbook_user_id_aa381059" ON "core_addressbook" ("user_id");
CREATE INDEX "core_order_billing_address_id_b33cde99" ON "core_order" ("billing_address_id");
CREATE INDEX "core_order_coupon_id_bade53ba" ON "core_order" ("coupon_id");
CREATE INDEX "core_order_payment_id_e5a26a3c" ON "core_order" ("payment_id");
CREATE INDEX "core_order_shipping_address_id_8c054f15" ON "core_order" ("shipping_address_id");
CREATE INDEX "core_order_user_id_b03bbffd" ON "core_order" ("user_id");
CREATE UNIQUE INDEX "core_wishlist_user_id_item_id_c37cec55_uniq" ON "core_wishlist" ("user_id", "item_id");
CREATE INDEX "core_wishlist_item_id_40572cc1" ON "core_wishlist" ("item_id");
CREATE INDEX "core_wishlist_user_id_6ebbf187" ON "core_wishlist" ("user_id");
DELETE FROM "sqlite_sequence";
INSERT INTO "sqlite_sequence" VALUES('django_migrations',52);
INSERT INTO "sqlite_sequence" VALUES('django_admin_log',80);
INSERT INTO "sqlite_sequence" VALUES('django_content_type',23);
INSERT INTO "sqlite_sequence" VALUES('auth_permission',92);
INSERT INTO "sqlite_sequence" VALUES('auth_group',0);
INSERT INTO "sqlite_sequence" VALUES('django_site',1);
INSERT INTO "sqlite_sequence" VALUES('core_order_items',30);
INSERT INTO "sqlite_sequence" VALUES('auth_user',10);
INSERT INTO "sqlite_sequence" VALUES('account_emailconfirmation',0);
INSERT INTO "sqlite_sequence" VALUES('core_address',50);
INSERT INTO "sqlite_sequence" VALUES('core_coupon',0);
INSERT INTO "sqlite_sequence" VALUES('core_orderitem',27);
INSERT INTO "sqlite_sequence" VALUES('core_refund',0);
INSERT INTO "sqlite_sequence" VALUES('core_userprofile',9);
INSERT INTO "sqlite_sequence" VALUES('core_item',28);
INSERT INTO "sqlite_sequence" VALUES('account_emailaddress',4);
INSERT INTO "sqlite_sequence" VALUES('socialaccount_socialapp',0);
INSERT INTO "sqlite_sequence" VALUES('socialaccount_socialtoken',0);
INSERT INTO "sqlite_sequence" VALUES('socialaccount_socialaccount',0);
INSERT INTO "sqlite_sequence" VALUES('core_payment',9);
INSERT INTO "sqlite_sequence" VALUES('core_order',15);
INSERT INTO "sqlite_sequence" VALUES('core_wishlist',9);
INSERT INTO "sqlite_sequence" VALUES('core_addressbook',1);
COMMIT;